busca_alvo,loja,motivo_exclusao,titulo_ou_nota,url
Devoradores de Estrelas,amazon,e-book,eBook Kindle 39.90,https://www.amazon.com.br/Devoradores-estrelas-Andy-Weir-ebook/dp/B094RCZF5V
Devoradores de Estrelas,amazon,audiobook,Audiolivro Audible 35.00,https://www.amazon.com.br/Audible-Devoradores-de-estrelas/dp/B0CJWTWPBF
Devoradores de Estrelas,amazon,kit/brinde,Pre-venda com brinde,https://www.amazon.com.br/Devoradores-estrelas-Pr%C3%A9-venda-com-brinde/dp/855651118X
Devoradores de Estrelas,olx,nao e livro,Boneco Rocky (figure do filme) 60.00,https://sp.olx.com.br/sao-paulo-e-regiao/hobbies-e-colecoes/boneco-rocky-devoradores-de-estrelas-filme-project-hail-mary-alienigena-1502490822
Devoradores de Estrelas,shopee,nao e livro,DVD do filme (2026) dublado e legendado,https://shopee.com.br/DVD-Devoradores-De-Estrelas-(2026)-(Dublado-e-Legendado)-i.1095676585.22694970237
Devoradores de Estrelas,shopee,nao e livro,Blu-Ray do filme,https://shopee.com.br/Devoradores-de-Estrelas-(Project-Hail-Mary)-(2026)-Dublado-e-Legendado-Blu-Ray-i.438728665.58210524594
Devoradores de Estrelas,shopee,nao e livro,Figure Rocky impressao 3d,https://shopee.com.br/Figure-Rocky-Devoradores-de-Estrelas-Vers%C3%A3o-do-Filme-Impress%C3%A3o-3d-i.306347693.23098205612
Devoradores de Estrelas,shopee,nao e livro,Poster/Cartaz,https://shopee.com.br/Poster-Cartaz-Devoradores-de-Estrelas-E-i.939416144.58257076777
Berserk Vol1 Ed Luxo,mercadolivre,kit/lote,Kit volumes 1 ao 3 Panini frete gratis,https://produto.mercadolivre.com.br/MLB-2134686257-berserk-edico-de-luxo-manga-volume-1-ao-3-kit-panini-_JM
Berserk Vol1 Ed Luxo,shopee,kit/lote,Edicoes 1 2 3 4 5 6 7 9 12 15 16 17 19 20,https://shopee.com.br/Berserk-Edi%C3%A7%C3%A3o-de-Luxo-Edi%C3%A7%C3%B5es-1-2-3-4-5-6-7-9-12-15-16-17-19-20-Manga-Panini-i.340655713.12904296441
Berserk Vol1 Ed Luxo,shopee,kit/lote,1 ao 16 volumes,https://shopee.com.br/Berserk-1-ao-16-volumes-(Edi%C3%A7%C3%A3o-de-Luxo)-Panini-i.993054850.22296242640
Berserk Vol1 Ed Luxo,olx,kit/lote,Lote vols 1-19 + 21 23 25 38 por 700 (679 pix),https://rj.olx.com.br/rio-de-janeiro-e-regiao/livros-e-revistas/berserk-edicao-de-luxo-1-19-21-23-25-e-38-1459696207
Berserk Vol1 Ed Luxo,olx,kit/lote,Lote 1 ao 14 por 330,https://es.olx.com.br/norte-do-espirito-santo/livros-e-revistas/berserk-edicao-de-luxo-1-ao-14-1470395342
Berserk Vol1 Ed Luxo,olx,kit/lote,Colecao 1-40 + Guia Oficial,https://pe.olx.com.br/grande-recife/livros-e-revistas/colecao-berserk-panini-1-40-guia-oficial-15-volumes-lacrados-1491417167
Berserk Vol1 Ed Luxo,olx,kit/lote,Lote 1 ao 17,https://sp.olx.com.br/regiao-de-presidente-prudente/livros-e-revistas/manga-berserk-1-ao-17-edicao-de-luxo-1440209705
Berserk Vol1 Ed Luxo,enjoei,outro volume,Vol 4,https://www.enjoei.com.br/p/berserk-vol-4-edicao-de-luxo-99463082
Berserk Vol1 Ed Luxo,enjoei,kit/lote,Cap 1 e Cap 24,https://www.enjoei.com.br/p/berserk-cap-1-e-cap-24-edicao-de-luxo-108574800
Berserk Vol1 Ed Luxo,enjoei,anuncio multi-volume,Varios volumes valor avulso por volume,https://www.enjoei.com.br/p/berserk-edicao-luxo-mangas-panini-varios-volumes-novos-valor-avulso-ref-a-cada-volume-15363305
Berserk Vol1 Ed Luxo,amazon,outro volume,Vols 2 (31.43) e 3 (31.99),https://www.amazon.com.br/Rev-Berserk-Ed-Luxo-Vol-002/dp/8542601742
Manual Dir Penal PG Sanches,amazon,outro livro (Parte Especial),Parte Especial,https://www.amazon.com.br/Manual-Direito-Penal-Especial-Edi%C3%A7%C3%A3o/dp/8544241336
Manual Dir Penal PG Sanches,amazon,outro livro (obra combinada),Volume Unico Parte Geral e Especial 4a ed 2025,https://www.amazon.com.br/Manual-Direito-Penal-%C3%9Anico-juspodivm/dp/8544257283
Manual Dir Penal PG Sanches,mercadolivre,outro livro (Parte Especial),Parte Especial,https://www.mercadolivre.com.br/manual-de-direito-penal--parte-especial--rogerio-sanches/up/MLBU1467853763
Manual Dir Penal PG Sanches,mercadolivre,PDF/material digital,rogerio sanches pdf parte geral,https://lista.mercadolivre.com.br/rogerio-sanches-pdf-parte-geral
Manual Dir Penal PG Sanches,olx,outro livro (Parte Especial),Parte Especial VU Londrina,https://pr.olx.com.br/regiao-de-londrina/livros-e-revistas/manual-de-direito-penal-parte-especial-v-u-rogerio-sanches-cunha-1481326804
Manual Dir Penal PG Sanches,olx,kit provavel (geral+especial),ed 2020 both general and special parts,https://df.olx.com.br/distrito-federal-e-regiao/livros-e-revistas/manual-direito-penal-2020-rogerio-sanchez-1474045114
Manual Dir Penal PG Sanches,enjoei,outro autor,Manual de Direito Penal Brasileiro (Zaffaroni/Pierangeli),https://www.enjoei.com.br/p/manual-de-direito-penal-brasileiro-parte-geral-124698980
Manual Dir Penal PG Sanches,enjoei,outro autor,Juarez Cirino dos Santos,https://www.enjoei.com.br/p/livro-manual-de-direito-penal-parte-geral-juarez-cirino-dos-santos-65172010
Manual Dir Penal PG Sanches,olx,outro autor,Mirabete / Greco / Estefam (ids 1246037221 1400540359 1516070962),
1984 Cia das Letras,olx,kit/combo,1984 + A Revolucao dos Bichos,https://pe.olx.com.br/grande-recife/livros-e-revistas/1984-revolucao-dos-bichos-george-orwell-1458297305
1984 Cia das Letras,shopee,outra edicao (HQ),Edicao em quadrinhos,https://shopee.com.br/Livro-1984-(Edi%C3%A7%C3%A3o-em-quadrinhos)-por-ORWELL-GEORGE-Editora-GRUPO-COMPANHIA-DAS-LETRAS-i.449115873.22293190060
1984 Cia das Letras,enjoei,outro titulo,A Revolucao dos Bichos,https://www.enjoei.com.br/p/livro-a-revolucao-dos-bichos-george-orwell-141145598
Duna capa dura Aleph,mercadolivre,outro volume,Messias de Duna (vol 2) 89.91 capa mole,https://www.mercadolivre.com.br/messias-de-duna-livro-2-de-herbert-frank-editora-aleph-capa-mole-em-portugus-2017/p/MLB24064739
Duna capa dura Aleph,mercadolivre,box,Box primeira trilogia,https://www.mercadolivre.com.br/box-duna-primeira-trilogia-de-herbert-frank-serie-duna-editorial-editora-aleph-ltda-capa-dura-em-portugus-2021/p/MLB19283147
Duna capa dura Aleph,amazon,box,Box primeira trilogia 189.98,https://www.amazon.com.br/Box-Duna-Primeira-Trilogia-Arrakis/dp/6586064414
Duna capa dura Aleph,amazon,box,Box segunda trilogia 215.35,https://www.amazon.com.br/Box-Duna-Segunda-Trilogia-Ecobag/dp/6586064422
Duna capa dura Aleph,amazon,audiobook,Edicao em audio,https://www.amazon.com.br/Duna-Cr%C3%B4nicas-Vol-1/dp/B0FK5T95SN
Duna capa dura Aleph,olx,outra edicao,Nova Fronteira 1975/76 usado 30.00,https://sp.olx.com.br/sao-paulo-e-regiao/livros-e-revistas/livro-duna-frank-herbert-1976-1451628551
Duna capa dura Aleph,olx,colecao completa,Duna completo 249.00 seminovo,https://pr.olx.com.br/regiao-de-maringa/livros-e-revistas/duna-completo-frank-herbert-aleph-1477578561
Duna capa dura Aleph,olx,box,Box primeira trilogia 170.00 e 180.00 (DF),https://df.olx.com.br/distrito-federal-e-regiao/livros-e-revistas/box-duna-primeira-trilogia-frank-herbert-1460071619
Duna capa dura Aleph,olx,box + poster,Box + poster 199.00,https://sp.olx.com.br/regiao-de-ribeirao-preto/livros-e-revistas/box-duna-primeira-trilogia-poster-1479256256
Duna capa dura Aleph,olx,colecao,Segunda trilogia completa 159.00,https://sp.olx.com.br/vale-do-paraiba-e-litoral-norte/livros-e-revistas/duna-segunda-trilogia-1439471140
Duna capa dura Aleph,olx,box outra edicao,Box versao pocket 100.00,https://sp.olx.com.br/baixada-santista-e-litoral-sul/livros-e-revistas/box-duna-serie-de-frank-herbert-1438318043
Duna capa dura Aleph,enjoei,colecao,Colecao de 6 livros,https://www.enjoei.com.br/p/colecao-de-6-livros-duna-de-frank-herbert-44432020
Duna capa dura Aleph,enjoei,outra edicao,Nova Fronteira,https://www.enjoei.com.br/p/duna-frank-herbert-editora-nova-fronteira-96173996
